"EVALUATION"    , "BUFFET"        , "DRAG"          , "EFFICIENCY"    , "FORCE_X"       , "FORCE_Y"       , "FORCE_Z"       , "LIFT"          , "MOMENT_X"      , "MOMENT_Y"      , "MOMENT_Z"      , "SIDEFORCE"     , "AIRFOIL_AREA"  , "AIRFOIL_THICKNESS", "AIRFOIL_CHORD" , "AIRFOIL_LE_RADIUS", "AIRFOIL_TOC"   , "AIRFOIL_ALPHA" , "Time_Iter"     , "Outer_Iter"    , "Inner_Iter"    , "RMS_DENSITY"   , "RMS_MOMENTUM-X", "RMS_MOMENTUM-Y", "RMS_ENERGY"    , "RMS_NU_TILDE"  , "RefForce"      
1               , 0.0385071782    , 0.0209349503    , 39.36004126     , -0.0210841695   , 0.8239967031    , 0.0             , 0.8240005077    , 0.0             , 0.0             , 0.09618732479   , 0.0             , 0.0778446       , 0.121096         , 1.0             , 112.182          , 0.121096        , -0.00974028     , 0.0             , 0.0             , 5000.0          , -7.875716723    , -4.966079851    , -5.333565048    , -2.331391584    , -9.544832144    , 14525.13454     
2               , 0.006786139518  , 0.01955602519   , 42.13537766     , -0.02203813461  , 0.8239378582    , 0.0             , 0.8240005069    , 0.0             , 0.0             , 0.09567379249   , 0.0             , 0.0778446       , 0.120829         , 1.0             , 111.991          , 0.120829        , -0.00974028     , 0.0             , 0.0             , 5000.0          , -9.210541887    , -6.765562869    , -7.012292001    , -3.796997858    , -11.27510368    , 14525.13454     
3               , 0.006829096957  , 0.01467242714   , 56.15980354     , -0.02552351954  , 0.8237359169    , 0.0             , 0.8240006254    , 0.0             , 0.0             , 0.09381375516   , 0.0             , 0.0778446       , 0.119767         , 1.0             , 111.328          , 0.119767        , -0.00974028     , 0.0             , 0.0             , 5000.0          , -8.393588678    , -5.909633722    , -6.142319876    , -2.966338676    , -10.13950335    , 14525.13454     
4               , 0.006858738345  , 0.01428305727   , 57.69073442     , -0.02693782374  , 0.8236834735    , 0.0             , 0.8240000638    , 0.0             , 0.0             , 0.09233457969   , 0.0             , 0.0778906       , 0.118463         , 1.0             , 110.777          , 0.118463        , -0.00974028     , 0.0             , 0.0             , 5000.0          , -9.579600573    , -7.799717928    , -8.12526058     , -4.724202126    , -11.27230002    , 14525.13454     
5               , 0.006852911496  , 0.01279861124   , 64.38199917     , -0.02701204233  , 0.8236567538    , 0.0             , 0.8240001785    , 0.0             , 0.0             , 0.09284161433   , 0.0             , 0.077886        , 0.119097         , 1.0             , 110.998          , 0.119097        , -0.00974028     , 0.0             , 0.0             , 5000.0          , -7.930356145    , -4.992795394    , -5.383018998    , -2.357597647    , -9.99758628     , 14525.13454     
6               , 0.006850953501  , 0.01269660998   , 64.89921109     , -0.02716906819  , 0.8236498033    , 0.0             , 0.8239999714    , 0.0             , 0.0             , 0.09273838646   , 0.0             , 0.0778818       , 0.119036         , 1.0             , 111.164          , 0.119036        , -0.00974028     , 0.0             , 0.0             , 5000.0          , -8.678519985    , -6.171351499    , -6.459441128    , -3.237260265    , -10.38484828    , 14525.13454     
7               , 0.006837100657  , 0.01251796636   , 65.82541423     , -0.02752534598  , 0.8236355892    , 0.0             , 0.824000321     , 0.0             , 0.0             , 0.09257205577   , 0.0             , 0.0778814       , 0.119082         , 1.0             , 111.942          , 0.119082        , -0.00974028     , 0.0             , 0.0             , 5000.0          , -9.832156119    , -7.54941833     , -7.846554847    , -4.498696211    , -11.88170634    , 14525.13454     
8               , 0.006812824702  , 0.01225328936   , 67.24723576     , -0.02781558846  , 0.8236213755    , 0.0             , 0.8239998386    , 0.0             , 0.0             , 0.09256311679   , 0.0             , 0.0778777       , 0.119354         , 1.0             , 113.121          , 0.119354        , -0.00974028     , 0.0             , 0.0             , 5000.0          , -9.805987347    , -7.897375296    , -7.896064602    , -4.566457945    , -11.50604058    , 14525.13454     
9               , 0.006771066734  , 0.01233533208   , 66.79998014     , -0.02832268544  , 0.8236054173    , 0.0             , 0.8239999378    , 0.0             , 0.0             , 0.09075379523   , 0.0             , 0.0778744       , 0.119775         , 1.0             , 114.45           , 0.119775        , -0.00974028     , 0.0             , 0.0             , 5000.0          , -8.422222567    , -5.785555446    , -5.999570346    , -2.955033991    , -10.18086612    , 14525.13454     
10              , 0.006809536921  , 0.01221264934   , 67.47100329     , -0.02783047842  , 0.8236201338    , 0.0             , 0.8239997036    , 0.0             , 0.0             , 0.09253506146   , 0.0             , 0.0778774       , 0.119396         , 1.0             , 113.252          , 0.119396        , -0.00974028     , 0.0             , 0.0             , 5000.0          , -10.16572155    , -8.137299411    , -8.122060449    , -4.80603285     , -11.91631713    , 14525.13454     
11              , 0.006794694232  , 0.01224540085   , 67.29056753     , -0.0279763949   , 0.8236159461    , 0.0             , 0.8239999729    , 0.0             , 0.0             , 0.09129217062   , 0.0             , 0.0778741       , 0.119532         , 1.0             , 113.372          , 0.119532        , -0.00974028     , 0.0             , 0.0             , 5000.0          , -9.209825137    , -6.861646404    , -6.957055859    , -3.806989334    , -11.44499063    , 14525.13454     
12              , 0.006808529182  , 0.01219244856   , 67.58280871     , -0.02782339508  , 0.8236202889    , 0.0             , 0.8239999186    , 0.0             , 0.0             , 0.09249576367   , 0.0             , 0.077877        , 0.11941          , 1.0             , 113.264          , 0.11941         , -0.00974028     , 0.0             , 0.0             , 5000.0          , -10.47476276    , -8.466635379    , -8.433181441    , -5.137452816    , -12.29951977    , 14525.13454     
13              , 0.006793217546  , 0.01219307411   , 67.5793772      , -0.02794898719  , 0.8236164823    , 0.0             , 0.8240003548    , 0.0             , 0.0             , 0.09172008801   , 0.0             , 0.0778738       , 0.119542         , 1.0             , 113.512          , 0.119542        , -0.00974028     , 0.0             , 0.0             , 5000.0          , -10.80920358    , -8.993537148    , -9.113459482    , -5.943195497    , -12.66755183    , 14525.13454     
14              , 0.006803229103  , 0.01216324618   , 67.74508537     , -0.0278323264   , 0.8236197878    , 0.0             , 0.8240001509    , 0.0             , 0.0             , 0.0923309596    , 0.0             , 0.0778757       , 0.119462         , 1.0             , 113.362          , 0.119462        , -0.00974028     , 0.0             , 0.0             , 5000.0          , -10.46206516    , -8.251226051    , -8.385693514    , -5.2744424      , -12.50866181    , 14525.13454     
15              , 0.006799949887  , 0.01216428926   , 67.73926736     , -0.02786401215  , 0.8236186232    , 0.0             , 0.8240000424    , 0.0             , 0.0             , 0.09226917342   , 0.0             , 0.0778726       , 0.119484         , 1.0             , 113.476          , 0.119484        , -0.00974028     , 0.0             , 0.0             , 5000.0          , -10.85900644    , -9.127396675    , -9.493384737    , -6.315817014    , -12.65727575    , 14525.13454     
16              , 0.006802912249  , 0.01216296082   , 67.74665069     , -0.02783481911  , 0.8236194062    , 0.0             , 0.8239998579    , 0.0             , 0.0             , 0.0923268829    , 0.0             , 0.0778754       , 0.119464         , 1.0             , 113.373          , 0.119464        , -0.00974028     , 0.0             , 0.0             , 5000.0          , -11.92744874    , -10.20500224    , -10.73101928    , -7.638607515    , -13.71775708    , 14525.13454     
17              , 0.006801717698  , 0.01216223113   , 67.75073295     , -0.02783953332  , 0.8236194518    , 0.0             , 0.8240000735    , 0.0             , 0.0             , 0.09229323935   , 0.0             , 0.0778724       , 0.119464         , 1.0             , 113.397          , 0.119464        , -0.00974028     , 0.0             , 0.0             , 5000.0          , -11.5918974     , -9.874790064    , -10.3775962     , -7.212527485    , -13.37293301    , 14525.13454     
18              , 0.006798139964  , 0.01215992973   , 67.76354319     , -0.02784034746  , 0.8236192404    , 0.0             , 0.8239999236    , 0.0             , 0.0             , 0.09225840244   , 0.0             , 0.0778696       , 0.119468         , 1.0             , 113.467          , 0.119468        , -0.00974028     , 0.0             , 0.0             , 5000.0          , -11.26234165    , -9.424633354    , -9.618403237    , -6.420193427    , -13.11793104    , 14525.13454     
19              , 0.00679481851   , 0.01215866167   , 67.77059606     , -0.02783216142  , 0.8236193232    , 0.0             , 0.8239997487    , 0.0             , 0.0             , 0.09222409702   , 0.0             , 0.0778671       , 0.119468         , 1.0             , 113.507          , 0.119468        , -0.00974028     , 0.0             , 0.0             , 5000.0          , -11.40480957    , -9.452400131    , -9.464170158    , -6.177009496    , -13.33774486    , 14525.13454     
20              , 0.006627214617  , 0.01276666817   , 64.54391037     , -0.02739280629  , 0.8236541948    , 0.0             , 0.824010686     , 0.0             , 0.0             , 0.09013219913   , 0.0             , 0.0778648       , 0.119583         , 1.0             , 115.221          , 0.119583        , -0.00974028     , 0.0             , 0.0             , 5000.0          , -6.568043692    , -3.605542284    , -3.975544763    , -0.9774421099   , -8.368898232    , 14525.13454     
21              , 0.006778588385  , 0.0121670342    , 67.72397283     , -0.02778904256  , 0.8236210479    , 0.0             , 0.8239998937    , 0.0             , 0.0             , 0.09207990843   , 0.0             , 0.0778669       , 0.11948          , 1.0             , 113.672          , 0.11948         , -0.00974028     , 0.0             , 0.0             , 5000.0          , -10.49623154    , -8.507921177    , -8.552032784    , -5.220283494    , -12.15142556    , 14525.13454     
22              , 0.006793213748  , 0.01215881044   , 67.76976179     , -0.0278268047   , 0.8236194452    , 0.0             , 0.8239996875    , 0.0             , 0.0             , 0.09221326661   , 0.0             , 0.0778671       , 0.11947          , 1.0             , 113.524          , 0.11947         , -0.00974028     , 0.0             , 0.0             , 5000.0          , -10.12572438    , -8.021727727    , -8.03390905     , -4.739368163    , -11.73585043    , 14525.13454     
23              , 0.006794658465  , 0.01215866578   , 67.77060855     , -0.02783161689  , 0.8236197722    , 0.0             , 0.824000179     , 0.0             , 0.0             , 0.09222316774   , 0.0             , 0.0778671       , 0.119469         , 1.0             , 113.509          , 0.119469        , -0.00974028     , 0.0             , 0.0             , 5000.0          , -11.3991748     , -9.323366879    , -9.305851623    , -6.014324265    , -12.94992379    , 14525.13454     
24              , 0.006794792466  , 0.01215866177   , 67.77060568     , -0.02783207367  , 0.8236194503    , 0.0             , 0.8239998727    , 0.0             , 0.0             , 0.09222395769   , 0.0             , 0.0778671       , 0.119468         , 1.0             , 113.507          , 0.119468        , -0.00974028     , 0.0             , 0.0             , 4460.0          , -12.00040932    , -9.914669178    , -9.914877676    , -6.613937757    , -13.57724972    , 14525.13454     
25              , 0.00679480854   , 0.01215866144   , 67.77059938     , -0.02783212578  , 0.8236193496    , 0.0             , 0.8239997738    , 0.0             , 0.0             , 0.09222404298   , 0.0             , 0.0778671       , 0.119468         , 1.0             , 113.507          , 0.119468        , -0.00974028     , 0.0             , 0.0             , 4788.0          , -12.00043975    , -9.916103366    , -9.915143382    , -6.614528025    , -13.60039697    , 14525.13454     
26              , 0.006770772413  , 0.01214847019   , 67.82746263     , -0.02784648723  , 0.8236188479    , 0.0             , 0.8239999078    , 0.0             , 0.0             , 0.09160346856   , 0.0             , 0.0778648       , 0.119506         , 1.0             , 113.8            , 0.119506        , -0.00974028     , 0.0             , 0.0             , 5000.0          , -10.23110271    , -7.676404783    , -8.010699598    , -4.798099252    , -12.22021999    , 14525.13454     
27              , 0.006730838495  , 0.01213736646   , 67.8895235      , -0.02787183931  , 0.8236179441    , 0.0             , 0.8240000253    , 0.0             , 0.0             , 0.09066207044   , 0.0             , 0.0778628       , 0.119578         , 1.0             , 114.338          , 0.119578        , -0.00974028     , 0.0             , 0.0             , 5000.0          , -9.201528683    , -6.851688716    , -6.942665763    , -3.799404725    , -11.42098307    , 14525.13454     
28              , 0.006670325712  , 0.01212600593   , 67.95315676     , -0.02790983587  , 0.8236168467    , 0.0             , 0.8240003818    , 0.0             , 0.0             , 0.08932816322   , 0.0             , 0.077861        , 0.119692         , 1.0             , 115.23           , 0.119692        , -0.00974028     , 0.0             , 0.0             , 5000.0          , -10.03912459    , -7.869389527    , -8.205248819    , -4.833577763    , -11.81471813    , 14525.13454     
29              , 0.006651524639  , 0.01212253729   , 67.97257067     , -0.02792132295  , 0.8236160474    , 0.0             , 0.824000023     , 0.0             , 0.0             , 0.08897678394   , 0.0             , 0.0778593       , 0.119724         , 1.0             , 115.561          , 0.119724        , -0.00974028     , 0.0             , 0.0             , 5000.0          , -10.33738354    , -7.897144969    , -8.169546844    , -4.961759071    , -12.16673772    , 14525.13454     
30              , 0.006615479394  , 0.01211544931   , 68.01231837     , -0.02794396356  , 0.8236149478    , 0.0             , 0.8239997957    , 0.0             , 0.0             , 0.08847483302   , 0.0             , 0.0778579       , 0.11978          , 1.0             , 116.336          , 0.11978         , -0.00974028     , 0.0             , 0.0             , 5000.0          , -10.27763111    , -8.554415373    , -8.891522256    , -5.655332857    , -12.05402078    , 14525.13454     
31              , 0.006625927293  , 0.01211353852   , 68.02307543     , -0.02793464643  , 0.8236155845    , 0.0             , 0.8240001442    , 0.0             , 0.0             , 0.08882004878   , 0.0             , 0.0778565       , 0.119751         , 1.0             , 116.265          , 0.119751        , -0.00974028     , 0.0             , 0.0             , 5000.0          , -10.95569449    , -9.1769154      , -9.375130807    , -6.083088599    , -12.81648124    , 14525.13454     
32              , 0.006627803362  , 0.0121076918    , 68.05589142     , -0.02793247699  , 0.8236151862    , 0.0             , 0.8239997585    , 0.0             , 0.0             , 0.08912454815   , 0.0             , 0.0778554       , 0.119718         , 1.0             , 116.472          , 0.119718        , -0.00974028     , 0.0             , 0.0             , 5000.0          , -9.792662452    , -7.467211219    , -7.598720507    , -4.393758586    , -11.45474025    , 14525.13454     
33              , 0.006623774064  , 0.01209770467   , 68.1120966      , -0.02793957698  , 0.8236150696    , 0.0             , 0.8240000293    , 0.0             , 0.0             , 0.08939548621   , 0.0             , 0.0778543       , 0.119673         , 1.0             , 116.894          , 0.119673        , -0.00974028     , 0.0             , 0.0             , 5000.0          , -10.63026996    , -8.65951269     , -8.64428029     , -5.372665763    , -12.57976839    , 14525.13454     
34              , 0.006608701477  , 0.01208302943   , 68.1948368      , -0.02795594014  , 0.82361449      , 0.0             , 0.8240002203    , 0.0             , 0.0             , 0.08965615065   , 0.0             , 0.0778533       , 0.119634         , 1.0             , 117.695          , 0.119634        , -0.00974028     , 0.0             , 0.0             , 5000.0          , -10.33477571    , -8.405865558    , -8.410427351    , -5.131444887    , -12.30314504    , 14525.13454     
35              , 0.006488757275  , 0.01203207773   , 68.48362008     , -0.02808285056  , 0.8236094463    , 0.0             , 0.8240002401    , 0.0             , 0.0             , 0.08984812305   , 0.0             , 0.0778524       , 0.119552         , 1.0             , 122.468          , 0.119552        , -0.00974028     , 0.0             , 0.0             , 5000.0          , -9.196339387    , -6.908883136    , -6.992360262    , -3.826474665    , -11.32891578    , 14525.13454     
36              , 0.006431030476  , 0.01202547611   , 68.52119169     , -0.02816015626  , 0.8236064241    , 0.0             , 0.8239999539    , 0.0             , 0.0             , 0.09002217402   , 0.0             , 0.0778517       , 0.119497         , 1.0             , 125.005          , 0.119497        , -0.00974028     , 0.0             , 0.0             , 5000.0          , -8.641660761    , -6.143445499    , -6.420913686    , -3.203164734    , -10.62850998    , 14525.13454     
37              , 0.006441473729  , 0.01202349464   , 68.53249533     , -0.02813706168  , 0.8236073211    , 0.0             , 0.8240000905    , 0.0             , 0.0             , 0.09022384045   , 0.0             , 0.0778509       , 0.11949          , 1.0             , 124.732          , 0.11949         , -0.00974028     , 0.0             , 0.0             , 5000.0          , -10.73177429    , -9.016253387    , -9.438972693    , -6.260805565    , -12.47160474    , 14525.13454     
38              , 0.006457892182  , 0.01202297819   , 68.53546297     , -0.02810486396  , 0.823608699     , 0.0             , 0.8240003765    , 0.0             , 0.0             , 0.09040005841   , 0.0             , 0.0778503       , 0.11949          , 1.0             , 124.175          , 0.11949         , -0.00974028     , 0.0             , 0.0             , 5000.0          , -10.49288252    , -8.774243708    , -9.139800282    , -5.939666818    , -12.22437344    , 14525.13454     
39              , 0.006480201407  , 0.01202553146   , 68.52089569     , -0.02807094585  , 0.8236097035    , 0.0             , 0.8240001871    , 0.0             , 0.0             , 0.09054733445   , 0.0             , 0.0778497       , 0.119492         , 1.0             , 123.376          , 0.119492        , -0.00974028     , 0.0             , 0.0             , 5000.0          , -10.25390586    , -7.834936653    , -8.170573651    , -4.905304161    , -12.37489062    , 14525.13454     
40              , 0.006460126865  , 0.01202309223   , 68.53477609     , -0.02810116254  , 0.8236083844    , 0.0             , 0.8239999342    , 0.0             , 0.0             , 0.09041578591   , 0.0             , 0.0778503       , 0.11949          , 1.0             , 124.095          , 0.11949         , -0.00974028     , 0.0             , 0.0             , 5000.0          , -11.35516752    , -9.643430071    , -10.03790872    , -6.844439816    , -13.08250951    , 14525.13454     
41              , 0.0064581159    , 0.01202298414   , 68.53538989     , -0.02810445224  , 0.8236082422    , 0.0             , 0.8239999058    , 0.0             , 0.0             , 0.09040163309   , 0.0             , 0.0778503       , 0.11949          , 1.0             , 124.167          , 0.11949         , -0.00974028     , 0.0             , 0.0             , 4392.0          , -12.00008559    , -10.22112997    , -10.58696992    , -7.402799291    , -13.66718984    , 14525.13454     
42              , 0.006457914863  , 0.01202297261   , 68.53544537     , -0.02810477047  , 0.8236081077    , 0.0             , 0.8239997824    , 0.0             , 0.0             , 0.09040021355   , 0.0             , 0.0778503       , 0.11949          , 1.0             , 124.175          , 0.11949         , -0.00974028     , 0.0             , 0.0             , 3070.0          , -12.00039744    , -9.934164704    , -10.2318978     , -7.051739733    , -13.73139733    , 14525.13454     
43              , 0.006454636978  , 0.0120216942    , 68.54275585     , -0.02810611315  , 0.8236083112    , 0.0             , 0.8240000502    , 0.0             , 0.0             , 0.09056022471   , 0.0             , 0.0778497       , 0.119472         , 1.0             , 124.457          , 0.119472        , -0.00974028     , 0.0             , 0.0             , 5000.0          , -10.97964297    , -9.288023433    , -9.72657211     , -6.55831824     , -12.67551024    , 14525.13454     
44              , 0.006446481578  , 0.01202011436   , 68.55177634     , -0.02810824321  , 0.8236083561    , 0.0             , 0.8240001908    , 0.0             , 0.0             , 0.0907028295    , 0.0             , 0.0778492       , 0.119451         , 1.0             , 124.894          , 0.119451        , -0.00974028     , 0.0             , 0.0             , 5000.0          , -10.75963154    , -9.067276483    , -9.499627004    , -6.328326408    , -12.46387571    , 14525.13454     
45              , 0.006441640268  , 0.01201912232   , 68.55744428     , -0.02810982882  , 0.8236084056    , 0.0             , 0.8240003088    , 0.0             , 0.0             , 0.0908322733    , 0.0             , 0.0778488       , 0.119432         , 1.0             , 125.203          , 0.119432        , -0.00974028     , 0.0             , 0.0             , 5000.0          , -10.93445874    , -9.231866212    , -9.593213677    , -6.391808742    , -12.6526514     , 14525.13454     
46              , 0.006439078071  , 0.01201839585   , 68.56159857     , -0.02811061907  , 0.8236084908    , 0.0             , 0.8240004315    , 0.0             , 0.0             , 0.09094875216   , 0.0             , 0.0778484       , 0.119415         , 1.0             , 125.418          , 0.119415        , -0.00974028     , 0.0             , 0.0             , 5000.0          , -11.13790081    , -9.437446702    , -9.811051011    , -6.582595428    , -12.84573327    , 14525.13454     
47              , 0.006439451125  , 0.01201798471   , 68.56390897     , -0.02811026678  , 0.8236080744    , 0.0             , 0.8240000093    , 0.0             , 0.0             , 0.0910531534    , 0.0             , 0.077848        , 0.119403         , 1.0             , 125.512          , 0.119403        , -0.00974028     , 0.0             , 0.0             , 5000.0          , -11.64620753    , -9.91730203     , -10.21046911    , -7.033365319    , -13.29629115    , 14525.13454     
48              , 0.006437460666  , 0.01201768087   , 68.56568287     , -0.02811016992  , 0.8236085599    , 0.0             , 0.8240004957    , 0.0             , 0.0             , 0.09114779309   , 0.0             , 0.0778476       , 0.119394         , 1.0             , 125.677          , 0.119394        , -0.00974028     , 0.0             , 0.0             , 5000.0          , -11.2367703     , -9.549276567    , -10.03827068    , -6.892231546    , -12.93909695    , 14525.13454     
49              , 0.006433829707  , 0.01201735662   , 68.56749561     , -0.02810953281  , 0.8236081286    , 0.0             , 0.8240000476    , 0.0             , 0.0             , 0.09123290871   , 0.0             , 0.0778473       , 0.119385         , 1.0             , 125.885          , 0.119385        , -0.00974028     , 0.0             , 0.0             , 5000.0          , -11.12033327    , -9.273235698    , -9.53379296     , -6.28681466     , -12.77490505    , 14525.13454     
50              , 0.006427647819  , 0.01201702567   , 68.56938268     , -0.02810605339  , 0.8236082267    , 0.0             , 0.8240000318    , 0.0             , 0.0             , 0.09130869015   , 0.0             , 0.0778471       , 0.119384         , 1.0             , 126.152          , 0.119384        , -0.00974028     , 0.0             , 0.0             , 5000.0          , -11.03845955    , -9.343254918    , -9.930937266    , -6.898312624    , -12.73342027    , 14525.13454     
51              , 0.006408812002  , 0.01201683671   , 68.57047976     , -0.02809068153  , 0.8236089752    , 0.0             , 0.8240002586    , 0.0             , 0.0             , 0.09136828873   , 0.0             , 0.0778468       , 0.119407         , 1.0             , 126.741          , 0.119407        , -0.00974028     , 0.0             , 0.0             , 5000.0          , -10.73020954    , -9.022308996    , -9.654870403    , -6.587230125    , -12.43154569    , 14525.13454     
52              , 0.006252136823  , 0.01205595384   , 68.34799208     , -0.02797226029  , 0.8236135563    , 0.0             , 0.8240002376    , 0.0             , 0.0             , 0.09118682709   , 0.0             , 0.0778466       , 0.119718         , 1.0             , 130.988          , 0.119718        , -0.00974028     , 0.0             , 0.0             , 5000.0          , -9.29483251     , -6.836301908    , -7.076817415    , -3.879373263    , -11.24968261    , 14525.13454     
53              , 0.006393186285  , 0.01201784625   , 68.56467904     , -0.02807696758  , 0.8236089694    , 0.0             , 0.8239997706    , 0.0             , 0.0             , 0.09135951073   , 0.0             , 0.0778468       , 0.119438         , 1.0             , 127.154          , 0.119438        , -0.00974028     , 0.0             , 0.0             , 5000.0          , -9.303635503    , -6.879900161    , -7.057818802    , -3.883945032    , -11.1453766     , 14525.13454     
54              , 0.006407250993  , 0.01201688276   , 68.57021268     , -0.02808920093  , 0.8236089746    , 0.0             , 0.8240002067    , 0.0             , 0.0             , 0.09136779132   , 0.0             , 0.0778468       , 0.11941          , 1.0             , 126.782          , 0.11941         , -0.00974028     , 0.0             , 0.0             , 5000.0          , -11.78013663    , -9.848259241    , -9.90544968     , -6.62192202     , -13.64088055    , 14525.13454     
55              , 0.006408655994  , 0.01201683937   , 68.57044655     , -0.02809051537  , 0.8236087637    , 0.0             , 0.8240000414    , 0.0             , 0.0             , 0.09136823236   , 0.0             , 0.0778468       , 0.119408         , 1.0             , 126.745          , 0.119408        , -0.00974028     , 0.0             , 0.0             , 4331.0          , -12.00051333    , -9.934228083    , -9.928549132    , -6.648411105    , -13.6351857     , 14525.13454     
56              , 0.006408796697  , 0.01201683189   , 68.57044501     , -0.02809060372  , 0.8236082293    , 0.0             , 0.8239995104    , 0.0             , 0.0             , 0.09136825485   , 0.0             , 0.0778468       , 0.119407         , 1.0             , 126.741          , 0.119407        , -0.00974028     , 0.0             , 0.0             , 4352.0          , -12.00010668    , -9.913499518    , -9.895534603    , -6.619361756    , -13.55485464    , 14525.13454     
57              , 0.006408566056  , 0.01201656532   , 68.57199233     , -0.02809068383  , 0.8236085377    , 0.0             , 0.8239998253    , 0.0             , 0.0             , 0.09143122747   , 0.0             , 0.0778466       , 0.1194           , 1.0             , 126.82           , 0.1194          , -0.00974028     , 0.0             , 0.0             , 5000.0          , -11.46188934    , -9.486988755    , -9.501131988    , -6.21442529     , -12.93202263    , 14525.13454     
58              , 0.006414520744  , 0.01201572386   , 68.57680537     , -0.02809208698  , 0.8236086088    , 0.0             , 0.8239999565    , 0.0             , 0.0             , 0.09148196522   , 0.0             , 0.0778464       , 0.119391         , 1.0             , 126.691          , 0.119391        , -0.00974028     , 0.0             , 0.0             , 5000.0          , -11.14521839    , -9.442687251    , -9.941076862    , -6.801088253    , -12.8988178     , 14525.13454     
59              , 0.006411703644  , 0.01201566197   , 68.57718361     , -0.0280915435   , 0.8236089275    , 0.0             , 0.8240002574    , 0.0             , 0.0             , 0.0915291621    , 0.0             , 0.0778462       , 0.119387         , 1.0             , 126.834          , 0.119387        , -0.00974028     , 0.0             , 0.0             , 5000.0          , -11.29383274    , -9.581323333    , -9.997954025    , -6.796359402    , -13.00677774    , 14525.13454     
60              , 0.006401334031  , 0.01201561776   , 68.57739816     , -0.02808866429  , 0.8236085707    , 0.0             , 0.8239998032    , 0.0             , 0.0             , 0.09157363375   , 0.0             , 0.0778461       , 0.119392         , 1.0             , 127.219          , 0.119392        , -0.00974028     , 0.0             , 0.0             , 5000.0          , -10.34896723    , -7.962833191    , -8.194433019    , -4.955756536    , -11.98075423    , 14525.13454     
61              , 0.006392613556  , 0.0120154542    , 68.57834859     , -0.02808642194  , 0.8236088485    , 0.0             , 0.8240000069    , 0.0             , 0.0             , 0.09160580273   , 0.0             , 0.0778459       , 0.1194           , 1.0             , 127.542          , 0.1194          , -0.00974028     , 0.0             , 0.0             , 5000.0          , -11.00069546    , -9.268809641    , -9.906727754    , -6.885399298    , -12.68271127    , 14525.13454     
62              , 0.006376610999  , 0.0120148643    , 68.58172254     , -0.02808005851  , 0.8236091396    , 0.0             , 0.8240000895    , 0.0             , 0.0             , 0.09150371873   , 0.0             , 0.0778458       , 0.119444         , 1.0             , 127.954          , 0.119444        , -0.00974028     , 0.0             , 0.0             , 5000.0          , -8.651359119    , -6.159812318    , -6.436552921    , -3.212733561    , -10.56140363    , 14525.13454     
63              , 0.006290377573  , 0.01201290143   , 68.59296057     , -0.02804758979  , 0.823610602     , 0.0             , 0.8240004741    , 0.0             , 0.0             , 0.09118419858   , 0.0             , 0.0778457       , 0.119657         , 1.0             , 130.488          , 0.119657        , -0.00974028     , 0.0             , 0.0             , 5000.0          , -9.791675903    , -7.534020823    , -7.577092141    , -4.408810738    , -11.66502013    , 14525.13454     
64              , 0.006178468105  , 0.01201215041   , 68.59725241     , -0.02800501844  , 0.8236120791    , 0.0             , 0.8240005135    , 0.0             , 0.0             , 0.09096740511   , 0.0             , 0.0778455       , 0.119915         , 1.0             , 134.14           , 0.119915        , -0.00974028     , 0.0             , 0.0             , 5000.0          , -9.720276744    , -7.511550274    , -7.559992658    , -4.371277446    , -11.70283752    , 14525.13454     
65              , 0.006079035479  , 0.01201263838   , 68.59439418     , -0.02796693667  , 0.8236125183    , 0.0             , 0.8239996519    , 0.0             , 0.0             , 0.09095452344   , 0.0             , 0.0778455       , 0.120142         , 1.0             , 137.748          , 0.120142        , -0.00974028     , 0.0             , 0.0             , 5000.0          , -9.996728039    , -8.263829902    , -8.938517084    , -5.939903748    , -11.66944055    , 14525.13454     
66              , 0.006168524384  , 0.01201201152   , 68.59800726     , -0.02800094763  , 0.8236117556    , 0.0             , 0.8240000538    , 0.0             , 0.0             , 0.09096713446   , 0.0             , 0.0778455       , 0.119936         , 1.0             , 134.494          , 0.119936        , -0.00974028     , 0.0             , 0.0             , 5000.0          , -10.99534372    , -9.23971076     , -9.72635732     , -6.451598287    , -12.67224623    , 14525.13454     
67              , 0.005741534644  , 0.01205611274   , 68.34703458     , -0.02788597379  , 0.8236158009    , 0.0             , 0.8239995542    , 0.0             , 0.0             , 0.09078495554   , 0.0             , 0.0778454       , 0.120949         , 1.0             , 151.336          , 0.120949        , -0.00974028     , 0.0             , 0.0             , 5000.0          , -9.427499965    , -7.689738493    , -8.360842264    , -5.360827594    , -11.11351785    , 14525.13454     
68              , 0.006125800407  , 0.01201145314   , 68.60118515     , -0.02798336791  , 0.823612212     , 0.0             , 0.8239999209    , 0.0             , 0.0             , 0.09097445395   , 0.0             , 0.0778455       , 0.120035         , 1.0             , 136.043          , 0.120035        , -0.00974028     , 0.0             , 0.0             , 5000.0          , -10.37060152    , -8.631307598    , -9.270021937    , -6.148893598    , -12.03876678    , 14525.13454     
69              , 0.006070383011  , 0.01201250056   , 68.59519643     , -0.02796380505  , 0.8236128066    , 0.0             , 0.8239998358    , 0.0             , 0.0             , 0.09104899734   , 0.0             , 0.0778454       , 0.120169         , 1.0             , 138.181          , 0.120169        , -0.00974028     , 0.0             , 0.0             , 5000.0          , -10.93033044    , -9.182159785    , -9.796824928    , -6.724038212    , -12.58937173    , 14525.13454     
70              , 0.006120265358  , 0.01201127748   , 68.60220699     , -0.02798077628  , 0.8236125209    , 0.0             , 0.8240001442    , 0.0             , 0.0             , 0.09098401622   , 0.0             , 0.0778455       , 0.120048         , 1.0             , 136.255          , 0.120048        , -0.00974028     , 0.0             , 0.0             , 5000.0          , -11.23723473    , -9.506139001    , -10.16362274    , -7.127540583    , -12.91132802    , 14525.13454     
71              , 0.006094236129  , 0.01201150014   , 68.60092729     , -0.02797132718  , 0.8236127486    , 0.0             , 0.8240000477    , 0.0             , 0.0             , 0.09108193289   , 0.0             , 0.0778454       , 0.120097         , 1.0             , 137.326          , 0.120097        , -0.00974028     , 0.0             , 0.0             , 5000.0          , -10.85666837    , -8.92960422     , -9.09716583     , -5.828303916    , -12.63815453    , 14525.13454     
72              , 0.006117662885  , 0.0120112637    , 68.60227661     , -0.02797977074  , 0.8236124455    , 0.0             , 0.8240000349    , 0.0             , 0.0             , 0.0909939914    , 0.0             , 0.0778455       , 0.120053         , 1.0             , 136.361          , 0.120053        , -0.00974028     , 0.0             , 0.0             , 5000.0          , -11.52544461    , -9.790648044    , -10.37266536    , -7.240377234    , -13.20391696    , 14525.13454     
73              , 0.006103080495  , 0.01201089302   , 68.60441922     , -0.02797345753  , 0.8236129601    , 0.0             , 0.8240003403    , 0.0             , 0.0             , 0.09108839004   , 0.0             , 0.0778454       , 0.120084         , 1.0             , 136.993          , 0.120084        , -0.00974028     , 0.0             , 0.0             , 5000.0          , -11.03154746    , -9.294018691    , -9.973946899    , -7.000818792    , -12.71580869    , 14525.13454     
74              , 0.006088830361  , 0.01201112337   , 68.60310862     , -0.02796841848  , 0.8236131958    , 0.0             , 0.8240004015    , 0.0             , 0.0             , 0.0911784753    , 0.0             , 0.0778453       , 0.120107         , 1.0             , 137.619          , 0.120107        , -0.00974028     , 0.0             , 0.0             , 5000.0          , -11.07394937    , -9.341772089    , -9.788292461    , -6.616412784    , -12.74554163    , 14525.13454     
75              , 0.006101655656  , 0.01201090292   , 68.60433144     , -0.02797291501  , 0.8236126028    , 0.0             , 0.8239999646    , 0.0             , 0.0             , 0.09109741013   , 0.0             , 0.0778454       , 0.120086         , 1.0             , 137.055          , 0.120086        , -0.00974028     , 0.0             , 0.0             , 5000.0          , -11.75897125    , -10.01405908    , -10.55774065    , -7.460765902    , -13.434913      , 14525.13454     
76              , 0.006102938351  , 0.01201088692   , 68.60439224     , -0.02797333768  , 0.8236122205    , 0.0             , 0.8239995971    , 0.0             , 0.0             , 0.09108927949   , 0.0             , 0.0778454       , 0.120084         , 1.0             , 136.999          , 0.120084        , -0.00974028     , 0.0             , 0.0             , 3362.0          , -12.00003169    , -10.00539329    , -10.37864184    , -7.151886296    , -13.44065868    , 14525.13454     
77              , 0.006104572947  , 0.01201053199   , 68.60647592     , -0.02797362821  , 0.8236128827    , 0.0             , 0.824000274     , 0.0             , 0.0             , 0.09117991498   , 0.0             , 0.0778453       , 0.120075         , 1.0             , 137.037          , 0.120075        , -0.00974028     , 0.0             , 0.0             , 5000.0          , -11.76401851    , -10.02354904    , -10.09868173    , -6.866444543    , -13.5869721     , 14525.13454     
78              , 0.006107526876  , 0.01201015883   , 68.60861149     , -0.02797398947  , 0.8236129122    , 0.0             , 0.8240003212    , 0.0             , 0.0             , 0.09126158733   , 0.0             , 0.0778453       , 0.120065         , 1.0             , 137.007          , 0.120065        , -0.00974028     , 0.0             , 0.0             , 5000.0          , -11.6692084     , -9.974850171    , -10.13153337    , -6.912899443    , -13.69359734    , 14525.13454     
79              , 0.006117527023  , 0.01200942198   , 68.61280747     , -0.02797495643  , 0.8236127053    , 0.0             , 0.824000158     , 0.0             , 0.0             , 0.09133414478   , 0.0             , 0.0778452       , 0.120062         , 1.0             , 136.668          , 0.120062        , -0.00974028     , 0.0             , 0.0             , 5000.0          , -10.89453476    , -9.212393578    , -9.85651155     , -6.843359026    , -12.65312266    , 14525.13454     
80              , 0.006123568219  , 0.01200897906   , 68.61535266     , -0.02797535222  , 0.8236128606    , 0.0             , 0.8240003331    , 0.0             , 0.0             , 0.09140049468   , 0.0             , 0.0778451       , 0.120055         , 1.0             , 136.486          , 0.120055        , -0.00974028     , 0.0             , 0.0             , 5000.0          , -11.15877359    , -9.472389956    , -10.05781831    , -6.960855628    , -12.9360524     , 14525.13454     
81              , 0.006146279108  , 0.01200783776   , 68.62186605     , -0.02797616579  , 0.8236127174    , 0.0             , 0.8240002342    , 0.0             , 0.0             , 0.09145827282   , 0.0             , 0.0778451       , 0.120052         , 1.0             , 135.577          , 0.120052        , -0.00974028     , 0.0             , 0.0             , 5000.0          , -10.4793776     , -8.789981904    , -9.456643449    , -6.485211365    , -12.22450141    , 14525.13454     
82              , 0.006157750253  , 0.01200670264   , 68.62832591     , -0.02797466566  , 0.8236124193    , 0.0             , 0.8239999019    , 0.0             , 0.0             , 0.09151122529   , 0.0             , 0.077845        , 0.120039         , 1.0             , 135.129          , 0.120039        , -0.00974028     , 0.0             , 0.0             , 5000.0          , -10.77008596    , -9.07607869     , -9.749742799    , -6.774572258    , -12.52382019    , 14525.13454     
83              , 0.006194469416  , 0.01200517248   , 68.63710783     , -0.02797023363  , 0.8236129643    , 0.0             , 0.8240003184    , 0.0             , 0.0             , 0.09154473803   , 0.0             , 0.077845        , 0.120016         , 1.0             , 133.522          , 0.120016        , -0.00974028     , 0.0             , 0.0             , 5000.0          , -10.0829996     , -8.095036573    , -8.114706775    , -4.862651372    , -11.64458671    , 14525.13454     
84              , 0.006198383771  , 0.01200440178   , 68.64146061     , -0.02796718842  , 0.8236124094    , 0.0             , 0.8239996717    , 0.0             , 0.0             , 0.09158586146   , 0.0             , 0.077845        , 0.120026         , 1.0             , 133.371          , 0.120026        , -0.00974028     , 0.0             , 0.0             , 5000.0          , -11.02261765    , -9.344104954    , -9.741841431    , -6.50031937     , -12.89979384    , 14525.13454     
85              , 0.006184620762  , 0.01200272764   , 68.65104669     , -0.02795988427  , 0.8236127768    , 0.0             , 0.8239998154    , 0.0             , 0.0             , 0.09161980116   , 0.0             , 0.0778449       , 0.120057         , 1.0             , 133.864          , 0.120057        , -0.00974028     , 0.0             , 0.0             , 5000.0          , -11.0153218     , -9.193044674    , -9.885578557    , -6.85748108     , -12.62206407    , 14525.13454     
86              , 0.006168588216  , 0.01200257198   , 68.65192939     , -0.02795323258  , 0.8236129091    , 0.0             , 0.8239997243    , 0.0             , 0.0             , 0.09164396809   , 0.0             , 0.0778449       , 0.120109         , 1.0             , 134.388          , 0.120109        , -0.00974028     , 0.0             , 0.0             , 5000.0          , -10.92942666    , -8.849684796    , -9.221704162    , -5.842846119    , -12.71823749    , 14525.13454     
87              , 0.006170591245  , 0.01200175098   , 68.6566854      , -0.02795155715  , 0.8236136717    , 0.0             , 0.8240004416    , 0.0             , 0.0             , 0.09167323368   , 0.0             , 0.0778449       , 0.120112         , 1.0             , 134.331          , 0.120112        , -0.00974028     , 0.0             , 0.0             , 5000.0          , -11.75708405    , -9.947906365    , -10.47764516    , -7.424681292    , -13.49168719    , 14525.13454     
88              , 0.006165649651  , 0.01200136842   , 68.6588633      , -0.02794758438  , 0.8236136733    , 0.0             , 0.824000314     , 0.0             , 0.0             , 0.09170565784   , 0.0             , 0.0778448       , 0.120131         , 1.0             , 134.487          , 0.120131        , -0.00974028     , 0.0             , 0.0             , 5000.0          , -11.49338901    , -9.608997626    , -9.882213054    , -6.64419062     , -13.08939857    , 14525.13454     
89              , 0.006110111727  , 0.01199952907   , 68.66938433     , -0.02792091569  , 0.8236145107    , 0.0             , 0.8240002737    , 0.0             , 0.0             , 0.09173059025   , 0.0             , 0.0778448       , 0.120308         , 1.0             , 136.259          , 0.120308        , -0.00974028     , 0.0             , 0.0             , 5000.0          , -10.39232678    , -8.579613834    , -9.132341627    , -5.973269395    , -12.00257198    , 14525.13454     
90              , 0.005903024524  , 0.01199606285   , 68.68920658     , -0.02784138431  , 0.8236169176    , 0.0             , 0.8240000389    , 0.0             , 0.0             , 0.09173263203   , 0.0             , 0.0778448       , 0.120886         , 1.0             , 143.456          , 0.120886        , -0.00974028     , 0.0             , 0.0             , 5000.0          , -9.752859547    , -7.959156053    , -8.490653342    , -5.320763677    , -11.3822845     , 14525.13454     
91              , 0.00566053863   , 0.01199752024   , 68.68087552     , -0.02776041948  , 0.8236198275    , 0.0             , 0.8240001945    , 0.0             , 0.0             , 0.09173114873   , 0.0             , 0.0778448       , 0.121544         , 1.0             , 152.798          , 0.121544        , -0.00974028     , 0.0             , 0.0             , 5000.0          , -9.659208756    , -7.884250684    , -8.453544279    , -5.326007715    , -11.28790788    , 14525.13454     
92              , 0.005878734771  , 0.01199587946   , 68.69021928     , -0.02783259003  , 0.8236167634    , 0.0             , 0.8239995904    , 0.0             , 0.0             , 0.09173521766   , 0.0             , 0.0778448       , 0.120952         , 1.0             , 144.347          , 0.120952        , -0.00974028     , 0.0             , 0.0             , 5000.0          , -10.67725069    , -8.899814854    , -9.469964087    , -6.333311248    , -12.32121565    , 14525.13454     
93              , 0.005593404577  , 0.01199910706   , 68.67178091     , -0.02772688613  , 0.8236208368    , 0.0             , 0.8240000512    , 0.0             , 0.0             , 0.09172708566   , 0.0             , 0.0778448       , 0.121761         , 1.0             , 155.302          , 0.121761        , -0.00974028     , 0.0             , 0.0             , 5000.0          , -10.3138688     , -8.491825381    , -8.966360198    , -5.798449919    , -11.90063992    , 14525.13454     
94              , 0.005850140057  , 0.01199573312   , 68.69113122     , -0.0278212613   , 0.8236180318    , 0.0             , 0.8240004777    , 0.0             , 0.0             , 0.09173787341   , 0.0             , 0.0778448       , 0.121033         , 1.0             , 145.383          , 0.121033        , -0.00974028     , 0.0             , 0.0             , 5000.0          , -10.62921038    , -8.839425916    , -9.379371938    , -6.222628019    , -12.25804017    , 14525.13454     
95              , 0.003955383982  , 0.01238552078   , 66.52933201     , -0.02754757439  , 0.8236329467    , 0.0             , 0.8240004239    , 0.0             , 0.0             , 0.08960189605   , 0.0             , 0.0778448       , 0.126681         , 1.0             , 267.381          , 0.126681        , -0.00974028     , 0.0             , 0.0             , 5000.0          , -8.644595758    , -6.889278015    , -7.44814477     , -4.324203605    , -10.27700438    , 14525.13454     
96              , 0.005651094689  , 0.01199794544   , 68.67844601     , -0.02774786146  , 0.8236203108    , 0.0             , 0.8240002484    , 0.0             , 0.0             , 0.09172023769   , 0.0             , 0.0778448       , 0.121598         , 1.0             , 152.97           , 0.121598        , -0.00974028     , 0.0             , 0.0             , 5000.0          , -11.18458938    , -9.421223181    , -9.788776228    , -6.536152798    , -13.17199943    , 14525.13454     
97              , 0.005830206183  , 0.01199570945   , 68.69123648     , -0.02781348249  , 0.8236179309    , 0.0             , 0.8240001146    , 0.0             , 0.0             , 0.09173779577   , 0.0             , 0.0778448       , 0.121089         , 1.0             , 146.112          , 0.121089        , -0.00974028     , 0.0             , 0.0             , 5000.0          , -10.78576087    , -8.995616865    , -9.537924418    , -6.382185714    , -12.41464665    , 14525.13454     
98              , 0.005337381106  , 0.01200937034   , 68.61309001     , -0.02766423237  , 0.8236230504    , 0.0             , 0.8240000084    , 0.0             , 0.0             , 0.09163679128   , 0.0             , 0.0778448       , 0.122422         , 1.0             , 166.79           , 0.122422        , -0.00974028     , 0.0             , 0.0             , 5000.0          , -9.601309678    , -7.835446553    , -8.413320641    , -5.296192752    , -11.22985683    , 14525.13454     
99              , 0.005780670243  , 0.01199573366   , 68.69108157     , -0.02779579529  , 0.8236183328    , 0.0             , 0.8239999191    , 0.0             , 0.0             , 0.09173892092   , 0.0             , 0.0778448       , 0.121222         , 1.0             , 147.983          , 0.121222        , -0.00974028     , 0.0             , 0.0             , 5000.0          , -10.36870997    , -8.588883942    , -9.139229893    , -5.992325897    , -11.98130373    , 14525.13454     
100             , 0.005818643873  , 0.01199568646   , 68.69134504     , -0.02780928318  , 0.8236177953    , 0.0             , 0.8239998377    , 0.0             , 0.0             , 0.09173826784   , 0.0             , 0.0778448       , 0.12112          , 1.0             , 146.545          , 0.12112         , -0.00974028     , 0.0             , 0.0             , 5000.0          , -11.00454734    , -9.224055402    , -9.775258185    , -6.628583308    , -12.63719464    , 14525.13454     
101             , 0.005461402801  , 0.01200182478   , 68.65622007     , -0.02769546844  , 0.8236218055    , 0.0             , 0.8239999234    , 0.0             , 0.0             , 0.09169851606   , 0.0             , 0.0778448       , 0.122063         , 1.0             , 161.13           , 0.122063        , -0.00974028     , 0.0             , 0.0             , 5000.0          , -9.869050519    , -7.895740802    , -8.170412998    , -5.015786815    , -11.51518416    , 14525.13454     
102             , 0.005782796301  , 0.01199564209   , 68.69164175     , -0.02779651861  , 0.8236187371    , 0.0             , 0.8240003489    , 0.0             , 0.0             , 0.09174013526   , 0.0             , 0.0778448       , 0.121215         , 1.0             , 147.903          , 0.121215        , -0.00974028     , 0.0             , 0.0             , 5000.0          , -11.80363461    , -9.960884537    , -10.52974889    , -7.372942578    , -13.37682129    , 14525.13454     
103             , 0.005497274913  , 0.01200051567   , 68.66371719     , -0.02770561915  , 0.8236215356    , 0.0             , 0.8240000139    , 0.0             , 0.0             , 0.09171648242   , 0.0             , 0.0778448       , 0.12195          , 1.0             , 159.528          , 0.12195         , -0.00974028     , 0.0             , 0.0             , 5000.0          , -10.49079664    , -8.689710849    , -9.116320635    , -5.920235324    , -12.14295778    , 14525.13454     
104             , 0.005754166763  , 0.01199561471   , 68.6918075      , -0.02778622626  , 0.8236191912    , 0.0             , 0.8240004562    , 0.0             , 0.0             , 0.09174236532   , 0.0             , 0.0778448       , 0.121288         , 1.0             , 149.001          , 0.121288        , -0.00974028     , 0.0             , 0.0             , 5000.0          , -10.62917032    , -8.857945219    , -9.401916188    , -6.254218637    , -12.26317991    , 14525.13454     
105             , 0.00537769413   , 0.01200593034   , 68.63272378     , -0.02767163863  , 0.8236224434    , 0.0             , 0.8239997005    , 0.0             , 0.0             , 0.09168375147   , 0.0             , 0.0778448       , 0.122275         , 1.0             , 164.806          , 0.122275        , -0.00974028     , 0.0             , 0.0             , 5000.0          , -10.37323809    , -8.468577372    , -8.592869124    , -5.326217832    , -12.12200442    , 14525.13454     
106             , 0.005716366934  , 0.01199570813   , 68.69121305     , -0.02777258227  , 0.823618939     , 0.0             , 0.8239997427    , 0.0             , 0.0             , 0.0917444832    , 0.0             , 0.0778448       , 0.121387         , 1.0             , 150.465          , 0.121387        , -0.00974028     , 0.0             , 0.0             , 5000.0          , -10.48205876    , -8.704862267    , -9.236804771    , -6.079642945    , -12.11230403    , 14525.13454     
107             , 0.005750385611  , 0.01199561642   , 68.69178807     , -0.02778483924  , 0.8236191229    , 0.0             , 0.8240003411    , 0.0             , 0.0             , 0.09174264872   , 0.0             , 0.0778448       , 0.121298         , 1.0             , 149.146          , 0.121298        , -0.00974028     , 0.0             , 0.0             , 5000.0          , -11.47807588    , -9.69900256     , -10.22446997    , -7.065148865    , -13.10865217    , 14525.13454     
108             , 0.005753275583  , 0.01199560525   , 68.69179768     , -0.02778582826  , 0.823618437     , 0.0             , 0.823999689     , 0.0             , 0.0             , 0.09174242848   , 0.0             , 0.0778448       , 0.12129          , 1.0             , 149.035          , 0.12129         , -0.00974028     , 0.0             , 0.0             , 4779.0          , -12.00031146    , -10.17844612    , -10.70680427    , -7.548963088    , -13.60955091    , 14525.13454     
109             , 0.005728609644  , 0.01199481502   , 68.69636515     , -0.02778351449  , 0.8236190071    , 0.0             , 0.8240001924    , 0.0             , 0.0             , 0.09176756454   , 0.0             , 0.0778448       , 0.121313         , 1.0             , 150.161          , 0.121313        , -0.00974028     , 0.0             , 0.0             , 5000.0          , -10.52636817    , -8.833853629    , -9.44880048     , -6.412713369    , -12.22997591    , 14525.13454     
110             , 0.00566399693   , 0.01199524449   , 68.69386764     , -0.02777504845  , 0.8236188439    , 0.0             , 0.8239997376    , 0.0             , 0.0             , 0.09177441662   , 0.0             , 0.0778447       , 0.12139          , 1.0             , 152.945          , 0.12139         , -0.00974028     , 0.0             , 0.0             , 5000.0          , -9.975851311    , -7.851831617    , -8.000904648    , -4.728495455    , -11.50956315    , 14525.13454     
111             , 0.005722148031  , 0.0119946532    , 68.69730725     , -0.02778225196  , 0.8236192315    , 0.0             , 0.8240003764    , 0.0             , 0.0             , 0.09176973505   , 0.0             , 0.0778448       , 0.12132          , 1.0             , 150.435          , 0.12132         , -0.00974028     , 0.0             , 0.0             , 5000.0          , -11.12189717    , -9.409020902    , -9.970799642    , -6.863379577    , -12.80686206    , 14525.13454     
112             , 0.005576862069  , 0.0119997735    , 68.66796031     , -0.02776364906  , 0.8236195274    , 0.0             , 0.8239999706    , 0.0             , 0.0             , 0.09172900165   , 0.0             , 0.0778447       , 0.121541         , 1.0             , 156.575          , 0.121541        , -0.00974028     , 0.0             , 0.0             , 5000.0          , -10.0179717     , -8.251353026    , -8.533901029    , -5.304059145    , -11.7176237     , 14525.13454     
113             , 0.005707610068  , 0.0119944444    , 68.69848916     , -0.02777880686  , 0.8236191765    , 0.0             , 0.8240002083    , 0.0             , 0.0             , 0.09177108848   , 0.0             , 0.0778448       , 0.121342         , 1.0             , 151.032          , 0.121342        , -0.00974028     , 0.0             , 0.0             , 5000.0          , -10.80524352    , -9.07643355     , -9.574380584    , -6.419278196    , -12.48418219    , 14525.13454     
114             , 0.005485107571  , 0.01200136474   , 68.65888251     , -0.02774655869  , 0.8236204476    , 0.0             , 0.8240002915    , 0.0             , 0.0             , 0.091719606     , 0.0             , 0.0778447       , 0.121732         , 1.0             , 160.714          , 0.121732        , -0.00974028     , 0.0             , 0.0             , 5000.0          , -10.00415286    , -8.245810369    , -8.617839011    , -5.401564929    , -11.68691965    , 14525.13454     
115             , 0.005685309249  , 0.01199446542   , 68.6983509      , -0.02777399292  , 0.8236191253    , 0.0             , 0.8239999945    , 0.0             , 0.0             , 0.09177169493   , 0.0             , 0.0778448       , 0.121381         , 1.0             , 151.957          , 0.121381        , -0.00974028     , 0.0             , 0.0             , 5000.0          , -10.62529498    , -8.886863693    , -9.354824269    , -6.184487732    , -12.30768339    , 14525.13454     
116             , 0.005704033141  , 0.01199443851   , 68.69853933     , -0.02777802474  , 0.8236194004    , 0.0             , 0.8240004059    , 0.0             , 0.0             , 0.0917712965    , 0.0             , 0.0778448       , 0.121349         , 1.0             , 151.18           , 0.121349        , -0.00974028     , 0.0             , 0.0             , 5000.0          , -11.41716917    , -9.677606773    , -10.15557998    , -6.987447514    , -13.09492418    , 14525.13454     
117             , 0.005472583902  , 0.01200200129   , 68.65521749     , -0.02773803172  , 0.8236204611    , 0.0             , 0.8240000087    , 0.0             , 0.0             , 0.09171263315   , 0.0             , 0.0778447       , 0.121783         , 1.0             , 161.066          , 0.121783        , -0.00974028     , 0.0             , 0.0             , 5000.0          , -10.91948549    , -8.930929361    , -8.944407148    , -5.675895855    , -12.75444713    , 14525.13454     
118             , 0.005680834202  , 0.01199447802   , 68.69825349     , -0.02777231762  , 0.8236188789    , 0.0             , 0.8239996916    , 0.0             , 0.0             , 0.09177142111   , 0.0             , 0.0778448       , 0.121392         , 1.0             , 152.123          , 0.121392        , -0.00974028     , 0.0             , 0.0             , 5000.0          , -11.42747018    , -9.642195115    , -10.06285662    , -6.895924483    , -13.07131895    , 14525.13454     
119             , 0.005701358166  , 0.01199442659   , 68.69854642     , -0.02777727313  , 0.8236186912    , 0.0             , 0.8239996718    , 0.0             , 0.0             , 0.09177139999   , 0.0             , 0.0778448       , 0.121354         , 1.0             , 151.288          , 0.121354        , -0.00974028     , 0.0             , 0.0             , 5000.0          , -11.57129748    , -9.823727573    , -10.3077398     , -7.143222923    , -13.23752556    , 14525.13454     
120             , 0.005330981746  , 0.01200842141   , 68.61851619     , -0.02771607294  , 0.8236213445    , 0.0             , 0.8240000592    , 0.0             , 0.0             , 0.09164492427   , 0.0             , 0.0778447       , 0.122075         , 1.0             , 167.656          , 0.122075        , -0.00974028     , 0.0             , 0.0             , 5000.0          , -9.813265188    , -8.046342465    , -8.376050582    , -5.145572764    , -11.49581651    , 14525.13454     
121             , 0.005664149468  , 0.01199460051   , 68.69755971     , -0.02776833569  , 0.823619108     , 0.0             , 0.8239997846    , 0.0             , 0.0             , 0.09176966288   , 0.0             , 0.0778448       , 0.121426         , 1.0             , 152.805          , 0.121426        , -0.00974028     , 0.0             , 0.0             , 5000.0          , -10.77884791    , -9.025412409    , -9.473994892    , -6.301329419    , -12.45422836    , 14525.13454     
122             , 0.005697636066  , 0.01199443218   , 68.69856844     , -0.02777636871  , 0.8236193701    , 0.0             , 0.8240003198    , 0.0             , 0.0             , 0.09177144892   , 0.0             , 0.0778448       , 0.121361         , 1.0             , 151.439          , 0.121361        , -0.00974028     , 0.0             , 0.0             , 5000.0          , -11.42445577    , -9.673889432    , -10.12808667    , -6.947547049    , -13.09425337    , 14525.13454     
123             , 0.005700888572  , 0.01199443291   , 68.69856197     , -0.02777720709  , 0.8236193149    , 0.0             , 0.8240002929    , 0.0             , 0.0             , 0.09177142096   , 0.0             , 0.0778448       , 0.121354         , 1.0             , 151.307          , 0.121354        , -0.00974028     , 0.0             , 0.0             , 4360.0          , -12.00021103    , -10.15253308    , -10.61350043    , -7.436127613    , -13.60094242    , 14525.13454     
124             , 0.005701311134  , 0.01199442905   , 68.69855197     , -0.02777728205  , 0.8236189269    , 0.0             , 0.8239999076    , 0.0             , 0.0             , 0.09177140659   , 0.0             , 0.0778448       , 0.121354         , 1.0             , 151.29           , 0.121354        , -0.00974028     , 0.0             , 0.0             , 2720.0          , -12.00260496    , -9.798544139    , -9.864563022    , -6.744572694    , -13.75225825    , 14525.13454     
125             , 0.005701353463  , 0.01199442682   , 68.69854712     , -0.02777727406  , 0.8236187152    , 0.0             , 0.8239996958    , 0.0             , 0.0             , 0.09177140067   , 0.0             , 0.0778448       , 0.121354         , 1.0             , 151.288          , 0.121354        , -0.00974028     , 0.0             , 0.0             , 1998.0          , -12.00223978    , -9.534610487    , -9.761778916    , -6.581586946    , -14.27347544    , 14525.13454     
126             , 0.005701357696  , 0.01199442659   , 68.69854664     , -0.02777727327  , 0.823618694     , 0.0             , 0.8239996746    , 0.0             , 0.0             , 0.09177140008   , 0.0             , 0.0778448       , 0.121354         , 1.0             , 151.288          , 0.121354        , -0.00974028     , 0.0             , 0.0             , 1431.0          , -12.00079822    , -9.603354522    , -9.78037737     , -6.62748113     , -14.17820463    , 14525.13454     
127             , 0.005701357931  , 0.01199442657   , 68.69854665     , -0.02777727323  , 0.823618693     , 0.0             , 0.8239996736    , 0.0             , 0.0             , 0.09177140006   , 0.0             , 0.0778448       , 0.121354         , 1.0             , 151.288          , 0.121354        , -0.00974028     , 0.0             , 0.0             , 1269.0          , -12.00168164    , -9.567408939    , -9.686129217    , -6.565838166    , -14.49871147    , 14525.13454     
